ChannelTitle,VideoTitle,Description,PublishedAt,CategoryId,ViewCount,LikeCount,CommentCount
tvN D ENT,[#유퀴즈온더블럭] 유재석 X 조세호도 빠져들게 만든 마성의 배우💛 구교환의 구며들 수밖에 없는 모먼트 | #Diggle #갓구운클립,"#유퀴즈온더블럭 #Diggle #디글 

Let's giggle, :Diggle!
구독하기 ☞ https://www.youtube.com/c/tvNDENT",2021-12-18T13:22:00Z,24,1632983,21536,895
스튜디오 와플 - STUDIO WAFFLE,[ENG] 제깟 게 뭐라고 전화 200통 넘게 쌩까다가 드디어 나왔습니다... 본방상수 정상수 편ㅣ터키즈온더블럭 EP.27,"정말 모시기 힘들었던 초초초셀럽💥
핑크빛 상수 등장~ 등장~🌸

00:00 상수~ 상수~🤗
02:20 괴릴라데이트때.. 비하인드..^^
05:05 정상수식 후원리액션 제로투ㅋㅋㅋㅋ
09:08 그 분(?) 등장..!
12:43 터~퀴즈~?

초저예산 길바닥 토크쇼《터키즈 온 더 블럭》
매주 금요일 오후 6시 스튜디오 와플 공개!
👉 https://www.youtube.com/c/스튜디오와플STUDIOWAFFLE

터키즈 온 더 블럭 공식 인스타그램
👉 https://instagram.com/turkidsontheblock

🧇구독 & 좋아요 & 알림설정 필수🧇

#터키즈온더블럭 #터키즈 #정상수 #이용진 #명사수",2021-12-17T09:00:44Z,24,2112607,46991,4532
놀면 뭐하니?,"[놀면 뭐하니?] 도토리 황태자! 성시경 명곡 메들리 (거리에서,내게 오는 길,너에게, 좋을텐데,미소천사,넌 감동이었어,희재,두사람,너의 모든 순간,태양계,우린 제법 잘 어울려요)","[Timeline]
거리에서 00:00
내게 오는 길 02:20
너에게 04:14
좋을텐데 05:17
우린 제법 잘 어울려요 06:20
미소천사 07:13
넌 감동이었어 08:06
희재 09:12
두 사람 11:10
너의 모든 순간 12:57
태양계 15:13

★★★More 'Hangout with Yoo' clips are available★★★

iMBC
http://www.imbc.com/broad/tv/ent/hangoutwithyoo/vod/

WAVVE
https://www.wavve.com/player/vod?programid=M_1004711100000100000&page=1

#놀면뭐하니 #성시경 #도토리페스티벌",2021-12-18T10:54:30Z,24,1039887,31899,4030
내일은 국민가수 공식계정,[클린버전] 결승전 1Rㅣ박창근 - 다시 사랑한다면 #내일은국민가수 11화 TV CHOSUN 211216 방송,"오직 [ 내일은 국민가수 ] 공식계정에서만 볼 수 있는 자막 없는 클린버전💕

[ 내일은 국민가수 ] 의 결승전 1R '레전드 미션' 음원은 멜론 외 각종 음원 사이트에서 들으실 수 있습니다!

[ 내일은 국민가수 Official ]

HOMEPAGE ▶️ http://broadcast.tvchosun.com/broadcast/program/2/C202100009/bbs/9428/C202100009_15/list.cstv
YOUTUBE ▶️ https://www.youtube.com/channel/UC33yEDM8q3N8BeMpZMdP66Q
TWITTER ▶️ https://twitter.com/kookminsinger
FACEBOOK ▶️ https://www.facebook.com/kookminsinger
INSTAGRAM ▶️ https://www.instagram.com/kookminsinger

#TV조선 #국민가수 #결승전
#국민가수탄생프로젝트
#국민의_가슴에_올하트의_감동을",2021-12-17T12:11:47Z,10,827211,17978,3698
엄마의 요리백과,"당면이 있다면 이렇게 만들어보세요! 새로운 요리, 놀라운 맛입니다👍 '이것'과 당면의 환상의 조화에 두 접시 뚝딱 가능합니다🤗","#당면 #볶음당면 #당면요리

안녕하세요 ~^^
오늘은 탱글탱글한 당면과 아삭아삭한 숙주의 만남으로 당면 한 봉지가 순삭되는 정말 맛있는 볶음당면을 만들어보았습니다😊
이제 잡채는 그만, 볶음당면으로 입맛 확실하게 사로잡아보세요😊

--

자른당면 100g
특란 2알
새우 10마리
숙주 150g
부추 30g
양파 70g
대파 30g
홍청양고추 1개
다진마늘 1스푼 분량
미림 1/2스푼 + 1/2스푼

진간장 2스푼
굴소스 1스푼
고운고춧가루 1티스푼
설탕 1스푼

 * 1스푼 15ml, 1티스푼 5ml 계량스푼을 사용하였습니다.
( 일반 밥숟가락의 경우 1스푼이 9ml ~ 12ml 입니다. )",2021-12-19T10:04:44Z,22,269404,4620,48
김대석 셰프TV,집에서 쉽게 끓이는 동지팥죽 이 과정만 알면 100%성공!,"김대석 셰프의 30년 노하우를 모두 공개합니다.
오늘은 동지팥죽 레시피를 알려 드리겠습니다.

 [재료]
1. 팥 1컵 가득(160mL)
2. 팥 삶을 때 물 양 4컵
3. 찹쌀 1컵 반
4. 멥쌀 1/2컵
5. 믹서기 헹굼 물 1컵(160mL)
- 팥죽 끓일 때 중간쯤 사용 - 
6. 익반죽 뜨거운 물 1/2컵
7. 익반죽 소금 2꼬집
8. 팥죽 끓이기전 미지근한물 2컵
9. 팥죽 끓일 때 소금 1/3스푼
10. 설탕은 취향대로 넣기 - 드실 때 넣으세요
#동지팥죽 #팥죽 #김대석셰프",2021-12-17T23:00:15Z,26,310823,11445,292
EBSDocumentary (EBS 다큐),"최악의 조건에 던진 도전장. 진흙밭 위에 1,350톤 매머드급 초대형 증류탑을 세워라! 현대 공학 기술이 집약된 플랜트의 새 역사를 쓴 우리 기업의 놀라운 기술력 | 다큐프라임","※ 이 영상은 2011년 2월 17일에 방송된 ＜다큐프라임 - 원더풀 사이언스 124m 초대형 증류탑을 세워라＞를 일부 재구성한 영상입니다.

인도 서부 구자라트 주 남쪽에 위치한 다헤즈 경제특구.
인도에서 가장 큰 에틸렌 플랜트로, 연간 110만 톤의 에틸렌과 34만 톤의 프로필렌을 생산하게 될 인도 최대 규모의 프로젝트이다.
만들기도, 세우기도 어려운 초대형 프로젝트에 우리 기업이 과감하게 도전장을 던졌다.

124m의 초고층의 높이의 증류탑을 한 치의 오차 없이 수직으로 세워야 하는 고난도의 공사.

3D 설계부터 시뮬레이션을 거쳐 준비 작업을 한 기간만 약 2년이 걸렸다.
인도 현장에 누워있는 증류탑 (C3-SPLITTER)을 세우기 위해 전 세계 6개뿐인 1,600톤급 골리앗 크레인과 아시아 최고 높이인 137m의 타워 마스터가 동원되었다.
이 공정이 실패로 끝나면 공기가 지연되는 것은 물론, 대형 사고로도 이어질 수 있다. 
과연 국내 기술진들은 이 위기를 극복할 수 있을까?

✔ 프로그램명 : 다큐프라임 - 원더풀 사이언스 124m 초대형 증류탑을 세워라
✔ 방송 일자 : 2011.02.17

#다큐프라임 #공학기술 #산업현장 #C3-SPLITTER",2021-12-16T10:00:00Z,25,1190017,14332,438
SPOiler 스포일러,⚽조금다른축구⚽ 손흥민이 슈팅하나로 레전드 찍어버린 경기,"안녕하세요!!!  
조금 다른 시선으로
축구를 보여드리는 KLDH입니다😎 

KLDH가 생각하는 손흥민 선수의 레전드 골!
여러분들의 생각은 어떠신가요?

⚽KLDH 채널 바로가기 ▶ https://bit.ly/3dYDPGT",2021-12-18T02:00:13Z,17,1406052,9679,702
방과후 설렘,1학기 중간고사 학년대항전 3학년 VS 4학년 l 211219 방송,"1학기 중간고사 학년대항전 3학년 VS 4학년
블랙핑크 - Pretty Savage
aespa - Black Mamba


당신을 설레게 한 학생에게 투표하세요
https://now.naver.com/s/myteenagegirl/


방과후 설렘 💕
컨텐츠 홈 : https://now.naver.com/s/myteenagegirl/
홈페이지 : http://program.imbc.com/myteenagegirl

YOUTUBE : https://me2.kr/skd4l
Facebook : http://www.facebook.com/teenagegirls11
Instagram : http://www.instagram.com/teenage_girls_11/
Twitter : http://www.twitter.com/Teenage_girls11
NAVER POST : https://post.naver.com/phunky_official


#방과후설렘 #Teenagegirls #MBC #NAVER_NOW",2021-12-19T13:42:04Z,24,306018,7408,1576
CLAB,일본여자들이 한국 횟집에 가면 큰일난다는 이유 (다신 일본횟집 못 감),"안녕하세요!

오늘은 일본에서 온 사키, 사리와 함께 한국 횟집을 방문했는데요!!!! 

어떤 에피소드들이 있었을지..

함께 보러가시죠 :D



----- 


00:00 하이라이트
00:07 인트로 
00:22 주문 
00:56 횟집 분위기? 
01:41 밑반찬 등장 
04:34 메인메뉴 
05:47 뭔가 부족하지 않아요? 
07:11 쌈 싸먹기 
07:45 매운탕 먹방
08:43 클로징
09:13 스페셜 영상 



----- 


사키 Instagram
https://www.instagram.com/sakiponne_/


사리 Instagram
https://www.instagram.com/mahoutukaisally/


사리 유튜브: 
https://www.youtube.com/channel/UCeN8_3kune14ExJw-2Z6IHQ




영상이 즐거우셨다면 좋아요와 구독하기 버튼을 꾸~욱 눌러주세요 :)

출연 및 제휴 문의 : clabreact@gmail.com 




#일본반응 #일본여자 #한국횟집 #광어 #방어 #먹방 #일본인 #외국인반응 #해외반응",2021-12-17T09:00:10Z,24,869147,15855,985
70대 어머니와떠나는먹방여행,엄마 정말 왜그래 ???     #shorts,,2021-12-17T13:16:48Z,22,407893,5267,108
Liverpool FC,Highlights: Tottenham 2-2 Liverpool | Jota & Robertson score in all-action draw,"Diogo Jota and Andy Robertson netted brilliant goals for Jürgen Klopp's side, to earn a draw in the Premier League against Tottenham

Get full-match replays, exclusive training access and so much more on LFCTV GO. Use the code 2122GOFREE to Get your first month FREE! https://www.liverpoolfc.com/watch

Enjoy more content and get exclusive perks in our Liverpool FC Members Area, click here to find out more: https://www.youtube.com/LiverpoolFC/join

Subscribe now to Liverpool FC on YouTube, and get notified when new videos land: https://www.youtube.com/subscription_center?add_user=LiverpoolFC

#Liverpool #LFC",2021-12-19T22:00:01Z,17,598027,14315,767
김지윤의 지식Play,"우크라이나와 푸틴, 러시아인들은 어떻게 보고 있을까? 일리야와 러시아 정치사 총정리!","#러시아 #푸틴 #우크라이나 #국제정치

우크라이나와 푸틴, 러시아인들은 어떻게 보고 있을까?
일리야와 러시아 정치사 총정리!

즐거움과 유익함이 가득가득
김지윤 박사가 들려주는 재미있는 이야기
구독 , 좋아요!  김지윤의 지식Play

kimjyTV@gmail.com",2021-12-19T09:39:37Z,27,131261,5039,396
The Late Late Show with James Corden,BTS Performs a Concert in the Crosswalk,"BTS has played the world's biggest venues and stages, but James Corden has a new forum for the international sensation: the crosswalk at Beverly Blvd. and Genesee Av. Watch as the group dazzles fans and Los Angeles commuters with performances of their hits ""Butter,"" ""Permission to Dance"" and ""Dynamite.""

More Late Late Show:
Subscribe: http://bit.ly/CordenYouTube
Watch Full Episodes: http://bit.ly/1ENyPw4
Facebook: http://on.fb.me/19PIHLC
Twitter: http://bit.ly/1Iv0q6k
Instagram: http://bit.ly/latelategram

Watch The Late Late Show with James Corden weeknights at 12:35 AM ET/11:35 PM CT. Only on CBS.

Get new episodes of shows you love across devices the next day, stream live TV, and watch full seasons of CBS fan favorites anytime, anywhere with CBS All Access. Try it free! http://bit.ly/1OQA29B

---
Each week night, THE LATE LATE SHOW with JAMES CORDEN throws the ultimate late night after party with a mix of celebrity guests, edgy musical acts, games and sketches. Corden differentiates his show by offering viewers a peek behind-the-scenes into the green room, bringing all of his guests out at once and lending his musical and acting talents to various sketches. Additionally, bandleader Reggie Watts and the house band provide original, improvised music throughout the show. Since Corden took the reigns as host in March 2015, he has quickly become known for generating buzzworthy viral videos, such as Carpool Karaoke.""",2021-12-17T06:03:02Z,24,9921094,1171768,36329
재훍 영상툰,찌질이끼리 사귀면 어떨까? | 컬투쇼 영상툰,"얼마나 속터질지 살펴보아요

#재훍 #컬투쇼 #찌질이",2021-12-19T05:00:17Z,1,216459,4148,186
방과후 설렘,[방과후 설렘 4화] '아이키쌤'까지 울린 1학년 탈락식_선공개,"[방과후 설렘 4화] '아이키쌤'까지 울린 1학년 탈락식_선공개


💕방과후 설렘 
매주 일요일 오후 9시 본방사수!


당신을 설레게 한 학생에게 투표하세요
https://now.naver.com/s/myteenagegirl/


방과후 설렘 💕
컨텐츠 홈 : https://now.naver.com/s/myteenagegirl/
홈페이지 : http://program.imbc.com/myteenagegirl

YOUTUBE : https://me2.kr/skd4l
Facebook : http://www.facebook.com/teenagegirls11
Instagram : http://www.instagram.com/teenage_girls_11/
Twitter : http://www.twitter.com/Teenage_girls11
NAVER POST : https://post.naver.com/phunky_official


#방과후설렘 #Teenagegirls #MBC #NAVER_NOW",2021-12-19T00:00:06Z,24,386926,6495,617
취미로 요리하는 남자 Yonam,집에 임산부가 있는데 또 임산부가 왔어요,"💗⬇⬇⬇더 보기를 눌러주세요💗

꿀떡이와 띠로의 미래는?

#꿀떡이 #띠로 #내년에만나:)   

📸인스타그램
https://www.instagram.com/yonamism/

🖥페이스북
https://www.facebook.com/yonamism

🎓취미로 요리하는 남자의 온라인 수비드 강의 
https://class101.app/e/Yonam-class

📌자주 묻는 질문 QnA영상
https://www.youtube.com/watch?v=AoicwJ1zvPU


-이 음악은 멜론에 없을 수 있습니다. 유튜브 혹은 에피데믹사운드에 검색하세요-


Just Give It a Go - Flux Vortex
Not Gonna Wake Up - Mindme
Sweet Baby - Bothnia
What If I - Candelion
Tomorrow - Jimmy Wahlsteen
Why Don't You Come Over - Stonekeepers


🔔제가 사용하는 제품정보.

🍳조리도구
넓은 월넛 나무 상판 - 도마용 본드를 사용해 직접 집성해 만들었습니다.
도마 - heters 엔드그레인
황동월넛팔각도마 - yonam.net 자체제작
칼 - Chroma type301 10인치 쉐프나이프 
칼 - Chroma type301 8인치 카빙나이프 
수비드머신 - 아노바나노, Joule 230v, 수비드수프림 9L 블랙, 11L 스텐
진공머신 - foodSaver, 위즈웰
진공팩 - foodsaver
감자 슬라이서 – GEFU
스탠팬 - 플래티나 
검정팬 - 에지리 양면코팅 
검정웍 - 에지리 양면코팅 뚜껑포함 궁중팬 
코팅팬 - 엑스칼리버 하트만 
              지스페로 무쇠팬
버너 - 파워플레이트 NO3 
집게 - yonam.net 자체제작
가위 - 토리베 
랍스터가위 - JS다이닝
스페츌러 - 토볼로
스텐거품기 - 요시가와
사시미 - 무네카게 키리츠케 , 우마노스케 청일강 키리츠케 330
페스트리 챠퍼 – 우든스끼바
커트러리 - 큐티폴고아 
후추그라인더 - adhoc 페퍼밀 
강판 - 마이크로플레인 마스터 제스터
핸드블렌더 - 바믹스
칼가방- JS다이닝

🚐캠핑장비
아이스박스 - 이백쿨러 
카고백 - 버팔로
랜턴 - 녹턴
랜턴 - 루미에르
캠핑 테이블 - 스노우피크 IGT테이블 커스텀 (파츠별로 골라서 조립하는 시스템입니다.)
캠핑 높낮이 조절 그릴  - 스노우피크 리프트업그릴
캠핑 바비큐박스 – 우드앤번 모델 구매 후 스텐판 자체제작 등 개조해서 만들었습니다
검정색 나무쟁반 - 블랙골드 우드박스
접시 – 스푼센스 비스트로

🎬편집
김시유
yonam",2021-12-18T11:29:22Z,24,591151,10831,588
고로켓,채훈아 사실 너 좋아해 #윗유하우스 #크리스마스윗유 #shorts,,2021-12-17T04:12:50Z,24,724329,20381,292
승비니 Seungbini,여름철 한명씩 꼭있는 친구 특징,,2021-12-18T10:00:16Z,22,255881,8793,276
어썸 코리아 Awesome KOREA,외국인이 한국어 숫자 배울때 멘붕오는 이유?! (외국 학생들 인터뷰),"❤ 촬영에 협조해주신 [한국외대 한국어문화교육원] 관계자 여러분 감사합니다!

외국인들이 한국 숫자를 배울 때 멘붕오는 이유는....?

♥영상이 재미있으셨다면 구독 좋아요 누르는 센스!
♥출연자분들이 체험해봤으면 하는 것들이나
   듣고싶은 이야기가 있다면 ☞댓글☜ 로 남겨주세요


※※※어썸코리아 출연문의 : awesomekorea01@gmail.com
한국을 사랑하는 외국인분들의 이야기를 기다립니다:)",2021-12-18T04:00:20Z,24,345855,7077,512
둥지언니 Doongsis,물가가 말도 안 되게 싸고 한국인이 없는 터키 무격리 입국 【터키.01】,"결혼 5년 차에 있던 살림 살이 다 팔고
어디서든 살아보자는 마음으로 집 없이 떠돌아 다닌게 벌써 3개월
어느새 터키라는 나라에 머물게 되었네요
늘 로망이었던 해외살이를 이제부터 본격적으로 시작합니다.
#터키무격리입국 #터키한달살기 #미친물가터키

💛둥지언니 채널 후원하기
https://www.youtube.com/channel/UCGznJ6xII2H4BIXEclV9QEg/join

☑️인스타그램
https://www.instagram.com/gentle_doong/

광고 문의
email : mikokim02@gmail.com
[모든 메일에 답변이 어려운 점 양해 부탁드립니다]",2021-12-19T02:00:08Z,22,149677,5114,653
Jennierubyjane Official,Homemade mandu vlog (feat. JISOO),#JENNIE #제니 #JISOO #지수 #Homemade #Mandu #만두만들기,2021-12-17T09:00:12Z,22,4094877,715500,35113
[헝가리부부]김패밀리VLOG,(SUB) [헝가리부부] 출산후 미역국만 먹다가 꼬리곰탕 맛보고 그릇째 원샷하는 헝가리 아내🇭🇺/Wife drinking oxtail soup after childbirth👍,"김패밀리 채널 무료로 구독하기! https://bit.ly/2oTd7t1 감사합니다😁🙇🏻‍♂️❤️

#국제커플 #AMWF #꼬리곰탕 #원샷
인스타그램 - https://www.instagram.com/hungary_bubu/
후원문의 - dktorrl3219@gmail.com (Paypal account)
                 dktorrl3219 (카카오톡ID)
                 카카오뱅크 3333-14-6843790

안녕하세요~!!👋
이번영상은 최근에 아내에게 소꼬리곰탕을 해준 영상입니다~!
다행히 장모님도 그리고 더니도 너무 맛있게 먹어 주었고 특히 오르시가 이틀연속으로 잘 먹어 주어서 더 감사했던 영상입니다~
그리고 한나도 어떻게 이렇게 카메라 앞에서 배냇짓을 예쁘게 하는지... ❤️
사실 신생아 미소를 포착하는게 쉽지 않은 일인데 이렇게 멋지게 영상으로 남기게 되어서 한나에게도 너무나 고맙네요^^
그럼 모두 추워지는 날씨에 뜨끈한 꼬리곰탕도 한그릇 하시고 감기 조심하세요~
오늘도 시청해 주셔서 너무나 감사드립니다~!!
사랑합니다❤️





––––––––––––––––––––––––––––––––––––––––––––––––––
[Video Source Support]
Youtube channel ""freeticon"" : https://www.youtube.com/c/Freeticon
––––––––––––––––––––––––––––––––––––––––––––––––––",2021-12-18T00:00:18Z,22,430364,22909,1101
Various Artists - Topic,Still I Love You (스틸 아이 러브 유),"Provided to YouTube by CONSALAD

Still I Love You (스틸 아이 러브 유) · Toyote

Still I Love You

℗ Dreamus

Released on: 2021-12-18

Lyricist: 블랙아이드필승
Lyricist: 전군
Lyricist: HaHa
Composer: 블랙아이드필승
Composer: 전군
Arranger: 최규성

Auto-generated by YouTube.",2021-12-18T09:06:11Z,10,80877,2838,0
햇도시락HDSR,👥👤뭐야..👤👥👥누가 아웃백 전메뉴 시켜 먹는다고…?👥👤👥👤웅성웅성..👥👤네 여기 전부 주문이요🙋‍♀🔥아웃백 전메뉴 먹방🔥,"#햇도시락

햇님 나도 시니 🍱 햇도시락!
인스타도 팔로우해주세요 💛 @hatdosi

- 비즈니스 문의 : hatdosirak@naver.com
- 본 영상의 저작권은 햇도시락에 있으며, 무단 배포를 금지합니다.",2021-12-18T12:01:07Z,22,327996,7317,484
쿠팡플레이 Coupang Play,"[어느 날 EP.8] 차승원 회심의 한방 ""증거는 오염되었다!"" VS 얄짤없는 김신록 ""사형 구형!""ㅣ어느 날 하이라이트 | 쿠팡플레이 | 쿠팡","쿠팡플레이 첫 드라마 시리즈 '어느 날' 하이라이트 공개💡 

🚩어느 날 풀버전은 쿠팡플레이에서!
https://coupangplay.app.link/rjxmc9RQ4lb

#김수현 #차승원 #김신록 #홍정아 #어느날 #쿠팡플레이 #쿠팡",2021-12-19T03:00:06Z,24,376931,1783,465
루디고 RUDYGO,"사이다) 임대 아파트 거지 취급하는 돈부심 허세충의 최후 (금수저, 고급 아파트, 폰남더힐) | [루대숲] - 37번 째 사연","💜비즈니스 문의는 여기로💜
inforudygo@gmail.com

💜루대숲 출연 신청 메일💜
(연기 영상과 연락처, 경력 꼭 첨부 부탁드립다)
rudygo.love@gmail.com

💜루대숲 사연함💜
rudygo.love@gmail.com

💗출연자 화장품 정보

👩‍🦱 사연자-황선혜 배우님

섀도우: 언스 타이다이 4구 아이섀도우 팔레트 02타이다이코랄
https://bit.ly/3ugPvMz

립: 원스텝 소프트 매트 립스틱 02 재즈로즈https://unce.kr/product/%EC%9B%90%EC%8A%A4%ED%85%9D-%EC%86%8C%ED%94%84%ED%8A%B8-%EB%A7%A4%ED%8A%B8-%EB%A6%BD%EC%8A%A4%ED%8B%B1-02%EC%9E%AC%EC%A6%88%EB%A1%9C%EC%A6%88/22/category/47/display/1/

블러셔: 스포트라이트 치크 파우더 블러셔01핑크플라멩코
https://bit.ly/3zNHqQu

아이라인 : 케이트 수퍼 샤프라이너 
ex2.0https://smartstore.naver.com/flytojap...


👩‍🦱 강하니 역 - 송예빈

섀도우: 언스 타이다이 4구 아이섀도우 팔레트 02타이다이코랄
https://bit.ly/3ugPvMz

립: 원스텝 소프트 매트 립스틱01발레핑크
https://bit.ly/2WfUIHX

블러셔 : 이글립스 치크 핏 블러셔 03 피치치크핏
https://www.tmon.co.kr/deal/9375860950?coupon_srl=2804298&utm_source=naver&utm_medium=affiliate&utm_term=72093_1008&utm_content=&utm_campaign=META_%EB%84%A4%EC%9D%B4%EB%B2%84%EC%A7%80%EC%8B%9D%EC%87%BC%ED%95%91


-출연자와 사연자를 비방하는 악플은 임의로 삭제하겠습니다

'루대숲'은 연애, 친구 관계, 학업 등루디고 구독자님들의 다양한 고민과 사연을 받아 각색하여 재연한 웹드라마입니다

#루디고 #루대숲 #사이다 #참교육👇루디 GO! SNS GO!https://www.instagram.com/rudygo.instahttps://www.tiktok.com/@rudygo.official",2021-12-18T02:00:11Z,24,733904,12190,709
양장금주부,양배추를 이렇게 해줬더니 퇴근길에 양배추를 3통이나 사왔어요!,"#양장금주부

[재료] - 양배추도우 2장 분량입니다.
양배추1/4쪽(250g)
고구마작은것2/3개(60g)
양파작은것1/2개(80g)
계란3알
식초약간

[토핑]
소세지1개(60g)
모짜렐라치즈2봉지(200g)
청양고추2/3개
홍고추2/3개
케챱2큰술 (양배추피자도우 1장에 1큰술씩입니다)
머스타드소스2큰술(양배추피자도우 1장에 1큰술씩입니다)
파슬리약간

[양배추도우양념]
꽃소금1티스푼
후추톡톡4번

[양념계량기준]
계량컵200ml
밥수저(큰술)
커피수저(티스푼)",2021-12-19T00:12:54Z,26,168345,5306,89
CheezeFilm,[복수여신] 수상한 전학생이 나타났다 (SUB),"리브넥스트 App 다운로드
https://dlNXHxicgEieBp0P9M3bmg.adtouch.adbrix.io/api/v1/click/9KLrWaxHr0a3e6hZUHf5UA?adv_placement=youtube_cheesefilm&adv_campaign=ppl&adv_ad=desc&adv_adgroup=all&adv_creative=webdrama
#웹드라마 #사랑학개론 #국민은행",2021-12-17T08:00:19Z,24,1015259,33216,1159
승비니 Seungbini,이모티콘 순서대로 음식 먹기,,2021-12-17T10:00:20Z,22,475797,15696,435
MBCdrama,"[옷소매 붉은 끝동 13회 예고] ＂너와 나, 둘뿐이다＂, MBC 211224 방송","★★★More clips are available★★★

iMBC
https://playvod.imbc.com/templete/VodList?bid=1005299100000100000

WAVVE
https://www.wavve.com/player/vod?contentid=M_EP202111030007.1&onair=n&order=new&page=1&programid=",2021-12-18T14:42:41Z,22,509287,8408,856
슈카월드,"일본의 한국 경제보복, 2년 후 지금","슈카월드에서 책 관련 보조작가님을 모십니다.
""https://antok.co.kr/notice/341195"" 에서 자세한 내용을 확인해주세요. 감사합니다.

어렵고 딱딱한 경제,시사,금융 이야기를
쉽고 유쾌하게 풀어내는 
경제/시사/이슈/잡썰 토크방송입니다.

#무역분쟁",2021-12-17T10:32:58Z,23,755348,15015,2315
리얼깽TV RealkkaengTV,현재 동해안 최고의 이슈!!! 물고기 떼가 들어왔다  / Let's take out  a fish trap deep in the sea.,"요즘 동해안의 뜨거운 감자!
바로바로~ 도루묵!!!!!
도루묵을 잡으려고 통발을 쳐놓고
제대로 걷어가지 않아
현재 동해안의 골칫거리가 되었다고 하는대요.
가져가지 않은 통발로 인해
바다생물이 그 속으로 들어가서 죽기를 반복!
또한 해양오염을 일으키고 있죠~
그래서 리얼깽tv가 출동했습니다.
테트라포트 사이에 낀 통발을 제거하자~!
한겨울에 바닷물속이라니? 으~~ 춥다! 추워~ㅎㅎ
그럼 한겨울 물속 영상!
깽구 여러분도 같이 보시죠~^^
.
.
★스탠리 제품 구매 링크★
↓↓↓↓↓↓↓↓↓↓↓↓↓↓↓↓↓↓↓↓↓↓↓↓↓↓↓↓↓↓
https://bit.ly/30yr6Ym

––––––––––––––––––––––––––––––––––––––––––––––––––
* 고성군 제철 생선을 먹고 싶다면 & 고성군 여행·낚시 정보를 알고싶다면
↓↓↓↓↓↓↓↓↓↓↓↓↓↓↓↓↓↓↓↓↓↓↓↓↓↓↓↓↓↓↓
네이버 카페: 리얼깽TV & 깽수산 https://cafe.naver.com/realkkaengtv

협찬 & 광고문의는 이쪽에
↓↓↓↓↓↓↓↓↓↓↓↓↓↓↓↓↓↓↓↓↓↓↓↓↓↓↓↓↓↓↓
hot486love48@naver.com
––––––––––––––––––––––––––––––––––––––––––––––––––
.
.
#동해안 #도루묵 #도루묵통발 #광고 #스탠리 #스탠리_어드벤처_워터저그 #스탠리_어드벤처_쿨러 #해양오염 #도루묵구이 #알도루묵  #바다 #통발 #물고기 #리얼 #시골 #재미 #먹방 #쿡방 #술방#the_eastern_coast_of_Korea #real #fun #sea  #hot_issue #sailfin_sandfish #fish_trap #sea_food #drinking #mukbang #korea_youtuber",2021-12-19T01:01:29Z,24,230528,6948,497
CalBap-캘리포니아 건강밥상,동지팥죽을 여러 번거로운 과정없이 안쳐주기만 하면 알아서 다 해주는 세상쉬운 팥죽끓이기. 칼밥상#267,"겨울이면 꼭 한번 해 먹고 싶은 팥죽!!
다음 주면 밤이 가장 길다는 동지인데요
따끈따끈한 팥죽으로 정다운 가족, 이웃들과 함께 해 보시면 어떨까요?
밥솥을 이용하면 여러가지 번거로운 과정없이  안쳐 주기기만 하면
밥솥이 알아서 다 해줍니다
저는 양을 좀 많이 했지만 식구가 적다면 레시피 분량의 반으로 줄여서 
하시면 되겠지요
동지팥죽
재료: 마른팥 2컵(400g)-하루 충분히 물에 불려 놓습니다
           밥 1공기, 떡 150g(잘게 썰어놓습니다), 소금 1큰술, 물 2리터&1컵
만들기
1) 충분히 불린 팥을(4컵반정도) 내솥에 넣고 물 1과 1/2컵을 넣고
     백미취사를 합니다(30분 소요)
2) 삶은통팥 2컵을 따로 떠 놓고 나머지 삶은팥은 블렌더에 넣고 물 5-6컵과 
    함께 곱게 간 후 다시 내솥에 붓습니다
    나머지 물도 다 넣습니다
3) 밥1공기와 떡, 2컵의 삶은 통팥을 넣고 메뉴를 영양찜으로 선택, 시간을
     50분으로 해서 취사를 합니다
4) 50분 후 두껑을 열고 소금 1큰술(취향에 따라 조절)을 넣고 간을 맞춥니다
     #동지팥죽#죽#캘리포니아건강밥상

💛웹싸이트 방문하시면 모든요리가  종류별로 분류되어 있어 
     찾기가 쉽습니다
     https://www.calbapsang.com
▶채널에 가입하셔서 혜택을 누리시기 바랍니다
     https://www.youtube.com/channel/calbap
▶인스타그램
     https://www.instagram.com/calbapsang
▶ 칼밥채널 바로가기 https://www.youtube.com/c/calbap",2021-12-17T21:52:46Z,29,112657,3216,102
AOMGOFFICIAL,Meenoi's Yorizori Season2 | EP.1 Lee yongjin,"*본 콘텐츠는 빔산토리코리아와 카모메키친으로부터 실물 협찬 및 제작지원을 받아 제작되었습니다 

⛄️ meenoi's yorizori season2
 
🎬 NOW AVAILABLE TO WATCH
on AOMGOFFICIAL Youtube Channel  

-
#meenoi #Leeyongjin
#미노이의요리조리 #yorizori
#AOMG #8BALLTOWN

-
Business Contact : miribang@aomgofficial.com 
_
◆ Official AOMG
Instagram : https://instagram.com/AOMGOFFICIAL
Twitter : https://twitter.com/AOMGOFFICIAL
YouTube : https://youtube.com/AOMGOFFICIAL
Facebook : https://facebook.com/AOMGOFFICIAL",2021-12-17T11:00:49Z,10,669498,25990,1481
Various Artists - Topic,RE : WIND,"Provided to YouTube by Collab Asia Music

RE : WIND · 이세계 아이돌 (ISEGYE IDOL)

RE : WIND

Auto-generated by YouTube.",2021-12-17T02:59:00Z,10,278065,9625,0
ENa School에나스쿨,셋째 아영이 밥 빨리 안줘서 삐졌베베,,2021-12-17T01:06:53Z,23,459202,11542,551
긱블 Geekble,"흡입력 세계 챔피언에게 빨대를 준다면, 건물 꼭대기에서 물을 마실 수 있을까? (직접 실험해봄ㅋㅋㅋ)","세상에서 제일 긴 빨대 몇 m인지 한번 보쉴?🤗🤗ㅋㅋㅋ
사람의 흡입력으로 최대 몇 m까지 빨대를 빨아올릴 수 있을까??!
(충격반전 주의😎)

-
🎨 긱블러 인스타그램
잭키 https://www.instagram.com/jacky_is_working/
태정태세 https://www.instagram.com/taejeongtae/
수드래곤 https://www.instagram.com/soodragon_circuitmaker/
모루 https://www.instagram.com/morueo/
찬스 https://www.instagram.com/geekble_chance/
갈퀴 https://www.instagram.com/geekble.galque/
-
긱블 유튜브 구독 : https://bit.ly/321VSEe
긱블 카페 : https://cafe.naver.com/geekbleofficial
긱블샵 : https://bit.ly/3pF1sey
긱블 채용정보 : https://geekble.team
-
#세계에서가장긴빨대 #대기압 #토리첼리",2021-12-18T04:15:12Z,26,286597,4064,2783
JTBC Voyage,♨핫클립♨ ＂어머 아기야!＂ 나이는 어리지만 찐 7080세대도 감탄하게 한 64호 가수 '그리움만 쌓이네'｜싱어게인2｜JTBC 211213 방송,"20살의 7080 감성에 관심 한 번
7080 감성과 또 다른 댄스에 입덕 완료..✨

우리 64호 가수 매력 장난 아니에요,,장난 아니에요,,


한 번 더 기회가 필요한 가수들의 무대!
＜싱어게인2＞ 매주 월요일 밤 9시 JTBC 방송


#싱어게인2 #64호 #그리움만쌓이네

[JTBC봐야지] 구독하기☞ http://asq.kr/VgFZ3

------------------------------------------------------
📌영상 속 프로그램은?

【싱어게인2】
https://tv.jtbc.joins.com/singagain2
------------------------------------------------------",2021-12-16T11:26:27Z,24,2058565,31477,2519
양장금주부,두부를 이렇게 해줬더니 매일 밥대신 해달라고 합니다!,"#양장금주부

[재료]
부침용두부1모(300g)
계란5알
케챱약간

[두부양념]
당근50g
양파50g
맛소금1/2티스푼
조미김3봉지

[계란양념]
쪽파25g
우유2큰술
맛소금1/3티스푼

[채소볶을때]
식용유1큰술

[계란부칠때]
식용유약간
들기름약간

[양념계량기준]
계량컵200ml
밥수저(큰술)
커피수저(티스푼)",2021-12-17T00:17:16Z,26,506906,10890,138
HYBE LABELS,[TXT & EN- Choreography] 'Legend of K-POP' 2021 KBS 가요대축제 Dance Practice,"[TXT & EN- Choreography] 'Legend of K-POP' 2021 KBS 가요대축제 Dance Practice

Connect with TOMORROW X TOGETHER:
https://ibighit.com/txt
https://twitter.com/TXT_bighit
https://twitter.com/TXT_members
https://www.facebook.com/TXT.bighit
https://www.instagram.com/txt_bighit
https://channels.vlive.tv/BA18A3
https://www.tiktok.com/@txt.bighitent 
https://weverse.onelink.me/qt3S/8e901222
https://www.weibo.com/TXTbighit
http://i.youku.com/txtbighit

Connect with ENHYPEN:  
OFFICIAL WEBSITE  https://ENHYPEN.com
ENHYPEN Weverse https://www.weverse.io/enhypen 
OFFICIAL V LIVE https://channels.vlive.tv/9A0CA5
OFFICIAL YOUTUBE https://www.youtube.com/ENHYPENOFFICIAL
OFFICIAL TWITTER https://twitter.com/ENHYPEN
ENHYPEN TWITTER https://twitter.com/ENHYPEN_members
OFFICIAL FACEBOOK https://www.facebook.com/officialENHYPEN
OFFICIAL INSTAGRAM https://www.instagram.com/enhypen
OFFICIAL TIKTOK  https://www.tiktok.com/@enhypen
OFFICIAL WEIBO https://weibo.com/ENHYPEN
OFFICIAL JAPAN TWITTER https://twitter.com/ENHYPEN_JP


#TOMORROW_X_TOGETHER #ENHYPEN #SongFestival2021",2021-12-18T05:00:01Z,10,2542298,441038,13811
겜브링 GGAM BRING,거울과 가위바위보 하기 #Shorts,"#가위바위보 #거울
아니 왜 지는건데..ㅜㅜ",2021-12-16T07:00:05Z,20,749729,30090,764
유채훈의 웃음극장,[찐따의 오해] #웃긴영상 #쇼츠 #윗유하우스 #크리스마스윗유,,2021-12-17T08:07:33Z,23,1619540,40601,522
KBS 골든케이팝,[티저] 오래 기다리셨죠? 올해 최고의 무대가 당신을 찾아갑니다! We`re HERO 임영웅✨️ [2021 KBS 송년특집 We`re HERO 임영웅] | KBS 방송,"[티저] 오래 기다리셨죠? 올해 최고의 무대가 당신을 찾아갑니다! We`re HERO 임영웅✨️

‘2021년 힘든 시기를 이겨내고 열심히 달려온 우리 모두가 영웅이다!’
독보적인 팬덤을 이끌고 있는 자타공인 최고의 트로트 가수가 찾아온다!
12월 26일 밤 9시 15분, 송년 특집 KBS2에서 꼭 봐주세요~",2021-12-16T23:52:32Z,24,260056,15314,1536
사물궁이 잡학지식,항문을 알콜솜으로 닦아도 될까?,"한 온라인 커뮤니티에 알콜솜으로 항문을 닦은 사람의 후기가 올라왔습니다. 충격적인 소식에 여러 커뮤니티로 해당 소식이 퍼지면서 많은 누리꾼의 관심을 받았는데, 실제 알콜솜으로 항문을 닦으면 어떻게 되는지 궁금해하는 분들이 많은 것 같아 한 번 알아봤습니다.

- 사물궁이 유튜브 채널 구독 : https://bit.ly/SMGI_Follow
- 사물궁이 시리즈 정주행 : https://bit.ly/SMGIplaylist
- 궁금증 제보 : https://forms.gle/WEM2moRpGNdHPux18
- 유튜브 멤버십 가입 : https://youtube.com/channel/UC7F6UDq3gykPZHWRhrj_BDw/join
- E-Mail : facebookspeedwg@gmail.com 

※ 참고자료·논문자료·자문 등 도움
- 김의사박사의 이해하는 의학/과학 이야기
: https://www.youtube.com/channel/UCqC-nL6lnTPfQSbYg8OE83A
- 왜 알콜솜으로 똥꼬를 닦아 보았나.
: http://m.humoruniv.com/board/read.html?table=pds&number=1105813
- Isopropyl alcohol
: https://en.wikipedia.org/wiki/Isopropyl_alcohol
- Biofilm
: https://en.wikipedia.org/wiki/Biofilm
- Block, Seymour Stanton, ed. Disinfection, sterilization, and preservation. Lippincott Williams & Wilkins, 2001.
- Morton, Harry E. ""The relationship of concentration and germicidal efficiency of ethyl alcohol."" NYASA 53.1 (1950): 191-196.
: https://pubmed.ncbi.nlm.nih.gov/15433175/
- Isopropyl Alcohol Swabs
: https://www.drugs.com/pro/isopropyl-alcohol-swabs.html
- (ref An Overview of Physical, Microbiological and Immune Barriers of Oral Mucosa by Sevda Şenel)
- Wound Care True or False
: https://www.webmd.com/first-aid/ss/slideshow-wound-care-dos-and-donts
- Why you should NOT use alcohol to clean wounds
: https://www.thehealthsite.com/diseases-conditions/why-you-should-not-use-alcohol-to-clean-wounds-b1016-441713/
- How Does Alcohol Affect Wound Healing and Scarring?
: https://www.biodermis.com/blogs/biodermis-blog/how-does-alcohol-affect-wound-healing-and-scarring-biodermis-com
- Ohashi, Yoshihiro, et al. ""Recovery process of tracheal mucosa of guinea pigs exposed to isopropyl alcohol."" Archives of toxicology 61.1 (1987): 12-20.
: https://link.springer.com/article/10.1007/BF00324542
- Ohashi, Yoshihiro, et al. ""Toxicity of isopropyl alcohol exposure on the nasal mucociliary system in the guinea pig."" Environmental research 46.1 (1988): 25-38.
: https://www.sciencedirect.com/science/article/abs/pii/S0013935188800562
- Is it normal for diarrhea to last for a week?
: https://www.medicalnewstoday.com/articles/diarrhea-for-a-week#how-long-does-it-last
- WHAT ARE THE CAUSES OF BURNING DIARRHEA?
: https://www.gicentertexas.com/what-are-the-causes-of-burning-diarrhea/
- Tips for Treating Skin Irritation From Diarrhea
: https://www.verywellhealth.com/tips-treating-skin-irritation-diarrhea-1942627

▪ 배경음악
: Burlesque Heartache - RKVC (유튜브 오디오 라이브러리)
: Ether Oar-The Whole Other (유튜브 오디오 라이브러리)
: We March Together - Patrick Patrikios (유튜브 오디오 라이브러리)
▪ 음향효과 : 상업적 목적으로 이용할 수 있는 공정자료 이용 및 자체제작
▪ 기타 사진·영상 : 상업적 목적으로 이용할 수 있는 사진과 영상 이용
▪ 애니메이션 감독 : Studio H
▪ 썸네일·인/아웃트로·효과음·자막 등 : 사물궁이 잡학지식

#사물궁이 #궁금증 #호기심 #과학 #항문 #알콜솜 #점막 #알콜 #알콜소독 #알코올솜 #알콜항문

Copyright. 사물궁이 잡학지식. All rights reserved",2021-12-18T04:25:47Z,27,514909,8713,1323
근환TV,첫눈을 같이 보면 사랑이 이루어진다네용,,2021-12-18T08:21:54Z,20,287849,12316,305
입시덕후,선생님 국룰 대사 #Shorts,"후~ 

#Shorts #입시덕후 #애니쇼 #선생님 #국룰 #대사 #공감

입시덕후 굿즈는 👉 http://bit.ly/store_ipdk 👈 여기서

입시덕후 SNS 어셈블
💛입시덕후 팬카페_시시덕덕 : http://bit.ly/cafe_ipsiduckhoo
💜인스타그램 : https://bit.ly/insta_ipduck
💛페이스북 : https://bit.ly/facebook_ipduck
💜네이버 : https://bit.ly/navertv_ipduck

!유니브의 다른 채널들

연고티비 : http://bit.ly/yonkotv
입시덕후 : http://bit.ly/Ipsiduck
유니브클래스 : http://bit.ly/Younivclass

!입시덕후에게 협업/광고/제휴 문의
- contact@youniv.video 

ⓒ YOUNIV. Corp ALL RIGHTS RESERVED 모든 영상의 저작권은 ㈜유니브에 있으며, 무단 전재 및 재배포를 엄격히 금지합니다.",2021-12-15T10:00:00Z,27,1071911,58182,761
SBS Entertainment,[찜꽁습꽁💖] 워너비 부부💏 결혼 7년차 '김무열♥윤승아' 첫 만남부터 결혼 풀스토리ㅣ동상이몽2 - 너는 내 운명(Dong Sang 2)ㅣSBS ENTER.,"편집자가 찜꽁한 동상이몽2 속 김무열♥윤승아 부부

#동상이몽2 #김무열 #윤승아

▶ Hompage : https://www.sbs.co.kr/tv/enter
▶ Subscribe SBS Entertainment : https://bit.ly/2SpOhMC",2021-12-16T01:30:02Z,24,1907051,12065,694
쿠팡플레이 Coupang Play,[어느 날 EP.7] 김신록vs홍정아(feat.전부인) 진실을 둘러싼 숨멎심멎 기싸움ㅣ어느 날 하이라이트 | 쿠팡플레이 | 쿠팡,"쿠팡플레이 첫 드라마 시리즈 '어느 날' 하이라이트 공개💡 

🚩어느 날 풀버전은 쿠팡플레이에서!
https://coupangplay.app.link/cm7SZMrQ4lb

#김수현 #차승원 #김신록 #홍정아 #어느날 #쿠팡플레이 #쿠팡",2021-12-18T03:02:18Z,24,402400,2089,324
SBS Drama,[#그해우리는] 내가 널 싫어하는 10가지 이유 (ft. 남들은 모르는 김다미의 모습) #SBSDRAMA,"SBS 월화드라마 ‘그 해 우리는 (ourbelovedsummer)’
☞ 월,화 밤 10시 본방송

#그해우리는 #최우식 #김다미

▶ Hompage : https://www.sbs.co.kr/tv/drama
▶ Subscribe SBS Drama : https://bit.ly/2ShWout",2021-12-17T02:00:03Z,24,408301,7277,404
